iteration,best,worst,spread,volume
0,11.1,85.5,74.4,2
1,11.1,85.5,74.4,2
2,11.1,38.5,27.4,1
3,4.8,22.1,17.3,1
4,4.8,12.4,7.6000000000000005,0
5,0.6000000000000001,11.1,10.5,0
6,0.6000000000000001,4.8,4.199999999999999,0
7,0.6000000000000001,4.8,4.199999999999999,0
8,0.6000000000000001,4.4,3.8000000000000003,0
9,0.6000000000000001,0.6000000000000001,0.0,0
